odoo_product_id,source_item,title,variation_id,sku,options,source_price,source_currency,target_price,target_currency,gtin,target_site,target_logistics,target_seller
3,CBT5158001616,Traje Mujer Morado: Chaleco V Y Pantalón,206862387529,ZiSeMaJiaTaoZhuang-S,Color: Violet; Fabric design: Plain; Size: S,29.8,USD,,USD,787653969204,MLM,fulfillment,3618161625
3,CBT5158001616,Traje Mujer Morado: Chaleco V Y Pantalón,206862387531,ZiSeMaJiaTaoZhuang-M,Color: Violet; Fabric design: Plain; Size: M,29.8,USD,,USD,787653969198,MLM,fulfillment,3618161625
3,CBT5158001616,Traje Mujer Morado: Chaleco V Y Pantalón,206862387533,ZiSeMaJiaTaoZhuang-l,Color: Violet; Fabric design: Plain; Size: L,29.8,USD,,USD,787653969181,MLM,fulfillment,3618161625
3,CBT5158001616,Traje Mujer Morado: Chaleco V Y Pantalón,206862387535,ZiSeMaJiaTaoZhuang-XL,Color: Violet; Fabric design: Plain; Size: XL,29.8,USD,,USD,787653969174,MLM,fulfillment,3618161625
4,CBT5157695166,Elegante Mujer Negro Top Y Pantalón Conjunto De Dos Piezas,206860835821,HeiSeTaoKu-S,Color: Black; Fabric design: Plain; Size: S,17,USD,,USD,787653969341,MLM,fulfillment,3618161625
4,CBT5157695166,Elegante Mujer Negro Top Y Pantalón Conjunto De Dos Piezas,206860835823,HeiSeTaoKu-M,Color: Black; Fabric design: Plain; Size: M,17,USD,,USD,787653969334,MLM,fulfillment,3618161625
4,CBT5157695166,Elegante Mujer Negro Top Y Pantalón Conjunto De Dos Piezas,206860835825,HeiSeTaoKu-l,Color: Black; Fabric design: Plain; Size: L,17,USD,,USD,787653969327,MLM,fulfillment,3618161625
4,CBT5157695166,Elegante Mujer Negro Top Y Pantalón Conjunto De Dos Piezas,206860835827,HeiSeTaoKu-XL,Color: Black; Fabric design: Plain; Size: XL,17,USD,,USD,787653969310,MLM,fulfillment,3618161625
5,CBT5157436128,Vestido Encaje Beige Mangas Farol Lazo Romántico Boda,198998147228,CHANGdenglongxiu-S,Color: Beige; Fabric design: Plain; Size: S,36.8,USD,,USD,787653809722,MLM,fulfillment,3618161625
5,CBT5157436128,Vestido Encaje Beige Mangas Farol Lazo Romántico Boda,198998147230,CHANGdenglongxiu-M,Color: Beige; Fabric design: Plain; Size: M,36.8,USD,,USD,787653809715,MLM,fulfillment,3618161625
5,CBT5157436128,Vestido Encaje Beige Mangas Farol Lazo Romántico Boda,198998147232,CHANGdenglongxiu-L,Color: Beige; Fabric design: Plain; Size: L,36.8,USD,,USD,787653809692,MLM,fulfillment,3618161625
5,CBT5157436128,Vestido Encaje Beige Mangas Farol Lazo Romántico Boda,198998147234,CHANGdenglongxiu-XL,Color: Beige; Fabric design: Plain; Size: XL,36.8,USD,,USD,787653809708,MLM,fulfillment,3618161625
6,CBT4265479687,Conjunto Rosa Botones Lazo Espalda Pantalón Ancho Elegante,206859992425,QinXinSeBangDaiTaoZhuang-S,Color: Apricot; Fabric design: Plain; Size: S,29.8,USD,,USD,787653969419,MLM,fulfillment,3618161625
6,CBT4265479687,Conjunto Rosa Botones Lazo Espalda Pantalón Ancho Elegante,206859992427,QinXinSeBangDaiTaoZhuang-M,Color: Apricot; Fabric design: Plain; Size: M,29.8,USD,,USD,787653969402,MLM,fulfillment,3618161625
6,CBT4265479687,Conjunto Rosa Botones Lazo Espalda Pantalón Ancho Elegante,206859992429,QinXinSeBangDaiTaoZhuang-L,Color: Apricot; Fabric design: Plain; Size: L,29.8,USD,,USD,787653969389,MLM,fulfillment,3618161625
6,CBT4265479687,Conjunto Rosa Botones Lazo Espalda Pantalón Ancho Elegante,206859992431,QinXinSeBangDaiTaoZhuang-XL,Color: Apricot; Fabric design: Plain; Size: XL,29.8,USD,,USD,787653969396,MLM,fulfillment,3618161625
7,CBT4265475701,"Traje De Pantalón Elegante, Chaqueta Y Pantalones Anchos",206861434331,HeiSeNiuJie-S,Color: Black; Fabric design: Plain; Size: S,17,USD,,USD,787653969273,MLM,fulfillment,3618161625
7,CBT4265475701,"Traje De Pantalón Elegante, Chaqueta Y Pantalones Anchos",206861434333,HeiSeNiuJie-M,Color: Black; Fabric design: Plain; Size: M,17,USD,,USD,787653969280,MLM,fulfillment,3618161625
7,CBT4265475701,"Traje De Pantalón Elegante, Chaqueta Y Pantalones Anchos",206861434335,HeiSeNiuJie-L,Color: Black; Fabric design: Plain; Size: L,17,USD,,USD,787653969259,MLM,fulfillment,3618161625
7,CBT4265475701,"Traje De Pantalón Elegante, Chaqueta Y Pantalones Anchos",206861434337,HeiSeNiuJie-XL,Color: Black; Fabric design: Plain; Size: XL,17,USD,,USD,787653969266,MLM,fulfillment,3618161625
8,CBT4265254913,Conjunto Elegante Mujer Rosa Top Corto Y Pantalón Palazzo,206860228655,FenSeTaoKu-S,Color: Pink; Fabric design: Plain; Size: S,17,USD,,USD,787653969419,MLM,fulfillment,3618161625
8,CBT4265254913,Conjunto Elegante Mujer Rosa Top Corto Y Pantalón Palazzo,206860228657,FenSeTaoKu-M,Color: Pink; Fabric design: Plain; Size: M,17,USD,,USD,787653969402,MLM,fulfillment,3618161625
8,CBT4265254913,Conjunto Elegante Mujer Rosa Top Corto Y Pantalón Palazzo,206860228659,FenSeTaoKu-L,Color: Pink; Fabric design: Plain; Size: L,17,USD,,USD,787653969396,MLM,fulfillment,3618161625
8,CBT4265254913,Conjunto Elegante Mujer Rosa Top Corto Y Pantalón Palazzo,206860228661,FenSeTaoKu-XL,Color: Pink; Fabric design: Plain; Size: XL,17,USD,,USD,787653969389,MLM,fulfillment,3618161625
9,CBT5180509360,Conjunto Mujer Encaje Azul Blusa Manga Globo Y Falda Midi,206942778113,LanSeDuanLeiSiTaoZhuang-S,Color: Sky blue; Fabric design: Flowered; Size: S,36.8,USD,,USD,784990368004,MLM,fulfillment,3618161625
9,CBT5180509360,Conjunto Mujer Encaje Azul Blusa Manga Globo Y Falda Midi,206942778115,LanSeDuanLeiSiTaoZhuang-M,Color: Sky blue; Fabric design: Flowered; Size: M,36.8,USD,,USD,784990367991,MLM,fulfillment,3618161625
9,CBT5180509360,Conjunto Mujer Encaje Azul Blusa Manga Globo Y Falda Midi,206942778117,LanSeDuanLeiSiTaoZhuang-L,Color: Sky blue; Fabric design: Flowered; Size: L,36.8,USD,,USD,784990368011,MLM,fulfillment,3618161625
9,CBT5180509360,Conjunto Mujer Encaje Azul Blusa Manga Globo Y Falda Midi,206942778119,LanSeDuanLeiSiTaoZhuang-XL,Color: Sky blue; Fabric design: Flowered; Size: XL,36.8,USD,,USD,784990368028,MLM,fulfillment,3618161625
10,CBT5180509352,Conjunto Mujer 3 Piezas Encaje Blusa Y Falda Con Top,199070690582,XinSeLeiSISanJianTao-S,Color: Beige; Fabric design: Flowered; Size: S,36.8,USD,,USD,784990368059,MLM,fulfillment,3618161625
10,CBT5180509352,Conjunto Mujer 3 Piezas Encaje Blusa Y Falda Con Top,199070690584,XinSeLeiSISanJianTao-M,Color: Beige; Fabric design: Flowered; Size: M,36.8,USD,,USD,784990368059,MLM,fulfillment,3618161625
10,CBT5180509352,Conjunto Mujer 3 Piezas Encaje Blusa Y Falda Con Top,199070690586,XinSeLeiSISanJianTao-L,Color: Beige; Fabric design: Flowered; Size: L,36.8,USD,,USD,784990368035,MLM,fulfillment,3618161625
10,CBT5180509352,Conjunto Mujer 3 Piezas Encaje Blusa Y Falda Con Top,199070690588,XinSeLeiSISanJianTao-XL,Color: Beige; Fabric design: Flowered; Size: XL,36.8,USD,,USD,784990368066,MLM,fulfillment,3618161625
11,CBT5180407264,Vestido Elegante Mujer Encaje Manga Abullonada Y Cinto,206940746879,XinSeDuanDengLongXiu-S,Color: Beige; Fabric design: Lace; Size: S,36.8,USD,,USD,784990368103,MLM,fulfillment,3618161625
11,CBT5180407264,Vestido Elegante Mujer Encaje Manga Abullonada Y Cinto,206940746881,XinSeDuanDengLongXiu-M,Color: Beige; Fabric design: Lace; Size: M,36.8,USD,,USD,784990368097,MLM,fulfillment,3618161625
11,CBT5180407264,Vestido Elegante Mujer Encaje Manga Abullonada Y Cinto,206940746883,XinSeDuanDengLongXiu-L,Color: Beige; Fabric design: Lace; Size: L,36.8,USD,,USD,784990368080,MLM,fulfillment,3618161625
11,CBT5180407264,Vestido Elegante Mujer Encaje Manga Abullonada Y Cinto,206940746885,XinSeDuanDengLongXiu-XL,Color: Beige; Fabric design: Lace; Size: XL,36.8,USD,,USD,784990368073,MLM,fulfillment,3618161625
12,CBT5178586414,Conjunto Mujer Top Sin Mangas Y Pantalón Vestir Verde Lazo,199066011560,LvSeBangDaiTaoZhuang-S,Color: Green; Fabric design: Plain; Size: S,30.8,USD,,USD,784990368332,MLM,fulfillment,3618161625
12,CBT5178586414,Conjunto Mujer Top Sin Mangas Y Pantalón Vestir Verde Lazo,199066011562,LvSeBangDaiTaoZhuang-M,Color: Green; Fabric design: Plain; Size: M,30.8,USD,,USD,784990368349,MLM,fulfillment,3618161625
12,CBT5178586414,Conjunto Mujer Top Sin Mangas Y Pantalón Vestir Verde Lazo,199066011564,LvSeBangDaiTaoZhuang-L,Color: Green; Fabric design: Plain; Size: L,30.8,USD,,USD,784990368356,MLM,fulfillment,3618161625
12,CBT5178586414,Conjunto Mujer Top Sin Mangas Y Pantalón Vestir Verde Lazo,199066011566,LvSeBangDaiTaoZhuang-XL,Color: Green; Fabric design: Plain; Size: XL,30.8,USD,,USD,784990368363,MLM,fulfillment,3618161625
13,CBT5178584598,Conjunto Mujer Top Sin Mangas Y Pantalón De Vestir Gris Lazo,206936361147,HuiSeBangDaiTaoZhuang-S,Color: Gray; Fabric design: Plain; Size: S,30.8,USD,,USD,787603337503,MLM,fulfillment,3618161625
13,CBT5178584598,Conjunto Mujer Top Sin Mangas Y Pantalón De Vestir Gris Lazo,206936361149,HuiSeBangDaiTaoZhuang-M,Color: Gray; Fabric design: Plain; Size: M,30.8,USD,,USD,787603337510,MLM,fulfillment,3618161625
13,CBT5178584598,Conjunto Mujer Top Sin Mangas Y Pantalón De Vestir Gris Lazo,206936361151,HuiSeBangDaiTaoZhuang-L,Color: Gray; Fabric design: Plain; Size: L,30.8,USD,,USD,787603337527,MLM,fulfillment,3618161625
13,CBT5178584598,Conjunto Mujer Top Sin Mangas Y Pantalón De Vestir Gris Lazo,206936361153,HuiSeBangDaiTaoZhuang-XL,Color: Gray; Fabric design: Plain; Size: XL,30.8,USD,,USD,787603337534,MLM,fulfillment,3618161625
14,CBT5178207022,Conjunto De Top Sin Mangas Y Pantalón De Vestir Mujer,206934294567,BaiSeMaJiaTaoZhuang-S,Color: White; Fabric design: Plain; Size: S,30.8,USD,,USD,787603337602,MLM,fulfillment,3618161625
14,CBT5178207022,Conjunto De Top Sin Mangas Y Pantalón De Vestir Mujer,206934294569,BaiSeMaJiaTaoZhuang-M,Color: White; Fabric design: Plain; Size: M,30.8,USD,,USD,787603337619,MLM,fulfillment,3618161625
14,CBT5178207022,Conjunto De Top Sin Mangas Y Pantalón De Vestir Mujer,206934294571,BaiSeMaJiaTaoZhuang-L,Color: White; Fabric design: Plain; Size: L,30.8,USD,,USD,787603337626,MLM,fulfillment,3618161625
14,CBT5178207022,Conjunto De Top Sin Mangas Y Pantalón De Vestir Mujer,206934294573,BaiSeMaJiaTaoZhuang-XL,Color: White; Fabric design: Plain; Size: XL,30.8,USD,,USD,787603337633,MLM,fulfillment,3618161625
15,CBT5177930002,Conjunto Mujer Casual B/n Estilo Chic Y Pantalón,206932184637,HeiBaiZhenZhiTaoZhuang-S,Color: Black; Fabric design: Plain; Size: S,23.8,USD,,USD,787603337671,MLM,fulfillment,3618161625
15,CBT5177930002,Conjunto Mujer Casual B/n Estilo Chic Y Pantalón,206932184639,HeiBaiZhenZhiTaoZhuang-M,Color: Black; Fabric design: Plain; Size: M,23.8,USD,,USD,787603337664,MLM,fulfillment,3618161625
15,CBT5177930002,Conjunto Mujer Casual B/n Estilo Chic Y Pantalón,206932184641,HeiBaiZhenZhiTaoZhuang-L,Color: Black; Fabric design: Plain; Size: L,23.8,USD,,USD,787603337640,MLM,fulfillment,3618161625
15,CBT5177930002,Conjunto Mujer Casual B/n Estilo Chic Y Pantalón,206932184643,HeiBaiZhenZhiTaoZhuang-XL,Color: Black; Fabric design: Plain; Size: XL,23.8,USD,,USD,787603337657,MLM,fulfillment,3618161625
16,CBT4285622857,Vestido Elegante Mujer Encaje Calado Manga Corta Y Botones,206939005557,XingSeMuErQun-S,Color: Beige; Fabric design: Flowered; Size: S,35.8,USD,,USD,784990368110,MLM,fulfillment,3618161625
16,CBT4285622857,Vestido Elegante Mujer Encaje Calado Manga Corta Y Botones,206939005559,XingSeMuErQun-M,Color: Beige; Fabric design: Flowered; Size: M,35.8,USD,,USD,784990368127,MLM,fulfillment,3618161625
16,CBT4285622857,Vestido Elegante Mujer Encaje Calado Manga Corta Y Botones,206939005561,XingSeMuErQun-L,Color: Beige; Fabric design: Flowered; Size: L,35.8,USD,,USD,784990368134,MLM,fulfillment,3618161625
16,CBT4285622857,Vestido Elegante Mujer Encaje Calado Manga Corta Y Botones,206939005563,XingSeMuErQun-XL,Color: Beige; Fabric design: Flowered; Size: XL,35.8,USD,,USD,784990368141,MLM,fulfillment,3618161625
17,CBT4285611131,Conjunto Mujer Blusa Crop Nudo Y Pantalón Rosa,199067170268,MeiHongNiuJie-S,Color: Rosa; Fabric design: Plain; Size: S,25.8,USD,,USD,784990368196,MLM,fulfillment,3618161625
17,CBT4285611131,Conjunto Mujer Blusa Crop Nudo Y Pantalón Rosa,199067170270,MeiHongNiuJie-M,Color: Rosa; Fabric design: Plain; Size: M,25.8,USD,,USD,784990368202,MLM,fulfillment,3618161625
17,CBT4285611131,Conjunto Mujer Blusa Crop Nudo Y Pantalón Rosa,199067170272,MeiHongNiuJie-L,Color: Rosa; Fabric design: Plain; Size: L,25.8,USD,,USD,784990368219,MLM,fulfillment,3618161625
17,CBT4285611131,Conjunto Mujer Blusa Crop Nudo Y Pantalón Rosa,199067170274,MeiHongNiuJie-XL,Color: Rosa; Fabric design: Plain; Size: XL,25.8,USD,,USD,784990368226,MLM,fulfillment,3618161625
18,CBT4285611117,Conjunto Mujer Blusa Crop Nudo Y Pantalón Blanco,206937325967,BaiSeNiuJieTaoZhuang-S,Color: White; Fabric design: Plain; Size: S,25.8,USD,,USD,784990368233,MLM,fulfillment,3618161625
18,CBT4285611117,Conjunto Mujer Blusa Crop Nudo Y Pantalón Blanco,206937325969,BaiSeNiuJieTaoZhuang-M,Color: White; Fabric design: Plain; Size: M,25.8,USD,,USD,784990368240,MLM,fulfillment,3618161625
18,CBT4285611117,Conjunto Mujer Blusa Crop Nudo Y Pantalón Blanco,206937325971,BaiSeNiuJieTaoZhuang-L,Color: White; Fabric design: Plain; Size: L,25.8,USD,,USD,784990368257,MLM,fulfillment,3618161625
18,CBT4285611117,Conjunto Mujer Blusa Crop Nudo Y Pantalón Blanco,206937325973,BaiSeNiuJieTaoZhuang-XL,Color: White; Fabric design: Plain; Size: XL,25.8,USD,,USD,784990368264,MLM,fulfillment,3618161625
19,CBT4285599065,Conjunto Mujer Boho Top Sin Mangas Y Falda Larga Blanca,199066984022,BaiSeBaLiZhiMeng-S,Color: White; Fabric design: Flowered; Size: S,35.8,USD,,USD,784990368158,MLM,fulfillment,3618161625
19,CBT4285599065,Conjunto Mujer Boho Top Sin Mangas Y Falda Larga Blanca,199066984024,BaiSeBaLiZhiMen-M,Color: White; Fabric design: Flowered; Size: M,35.8,USD,,USD,784990368165,MLM,fulfillment,3618161625
19,CBT4285599065,Conjunto Mujer Boho Top Sin Mangas Y Falda Larga Blanca,199066984026,BaiSeBaLiZhiMeng-L,Color: White; Fabric design: Flowered; Size: L,35.8,USD,,USD,784990368172,MLM,fulfillment,3618161625
19,CBT4285599065,Conjunto Mujer Boho Top Sin Mangas Y Falda Larga Blanca,199066984028,BaiSeBaLiZhiMeng-XL,Color: White; Fabric design: Flowered; Size: XL,35.8,USD,,USD,784990368189,MLM,fulfillment,3618161625
20,CBT4285598941,Conjunto Mujer Top Sin Mangas Y Pantalón Vestir Cuello V,206937272001,KaQiMaJiaTaoZhuang-S,Color: Caqui; Fabric design: Plain; Size: S,30.8,USD,,USD,784990368271,MLM,fulfillment,3618161625
20,CBT4285598941,Conjunto Mujer Top Sin Mangas Y Pantalón Vestir Cuello V,206937272003,KaQiMaJiaTaoZhuang-M,Color: Caqui; Fabric design: Plain; Size: M,30.8,USD,,USD,784990368288,MLM,fulfillment,3618161625
20,CBT4285598941,Conjunto Mujer Top Sin Mangas Y Pantalón Vestir Cuello V,206937272005,KaQiMaJiaTaoZhuang-L,Color: Caqui; Fabric design: Plain; Size: L,30.8,USD,,USD,784990368295,MLM,fulfillment,3618161625
20,CBT4285598941,Conjunto Mujer Top Sin Mangas Y Pantalón Vestir Cuello V,206937272007,KaQiMaJiaTaoZhuang-XL,Color: Caqui; Fabric design: Plain; Size: XL,30.8,USD,,USD,784990368301,MLM,fulfillment,3618161625
21,CBT4284941793,Conjunto Mujer Top Sin Mangas Y Pantalón De Vestir Cuello V,199065022838,HeiSeMaJiaTaoZhuang-S,Color: Black; Fabric design: Plain; Size: S,30.8,USD,,USD,787603337565,MLM,fulfillment,3618161625
21,CBT4284941793,Conjunto Mujer Top Sin Mangas Y Pantalón De Vestir Cuello V,199065022840,HeiSeMaJiaTaoZhuang-M,Color: Black; Fabric design: Plain; Size: M,30.8,USD,,USD,787603337572,MLM,fulfillment,3618161625
21,CBT4284941793,Conjunto Mujer Top Sin Mangas Y Pantalón De Vestir Cuello V,199065022842,HeiSeMaJiaTaoZhuang-L,Color: Black; Fabric design: Plain; Size: L,30.8,USD,,USD,787603337589,MLM,fulfillment,3618161625
21,CBT4284941793,Conjunto Mujer Top Sin Mangas Y Pantalón De Vestir Cuello V,199065022844,HeiSeMaJiaTaoZhuang-XL,Color: Black; Fabric design: Plain; Size: XL,30.8,USD,,USD,787603337558,MLM,fulfillment,3618161625
22,CBT5185033510,Conjunto Mujer Rosa Chaleco Y Pantalón Amplio Elegante,206959997751,FenSeBangDaiTaoZhuang-S,Color: Pink; Fabric design: Plain; Size: S,35.8,USD,,USD,784990367946,MLM,fulfillment,3618161625
22,CBT5185033510,Conjunto Mujer Rosa Chaleco Y Pantalón Amplio Elegante,206959997753,FenSeBangDaiTaoZhuang-M,Color: Pink; Fabric design: Plain; Size: M,35.8,USD,,USD,784990367960,MLM,fulfillment,3618161625
22,CBT5185033510,Conjunto Mujer Rosa Chaleco Y Pantalón Amplio Elegante,206959997755,FenSeBangDaiTaoZhuang-L,Color: Pink; Fabric design: Plain; Size: L,35.8,USD,,USD,784990367953,MLM,fulfillment,3618161625
22,CBT5185033510,Conjunto Mujer Rosa Chaleco Y Pantalón Amplio Elegante,206959997757,FenSeBangDaiTaoZhuang-XL,Color: Pink; Fabric design: Plain; Size: XL,35.8,USD,,USD,784990367984,MLM,fulfillment,3618161625
23,CBT5194384400,Vestido Mujer Encaje Azul Cuello Camisa Y Cinturón,199116714530,LanSeLeiSiLianYiQun-S,Color: Sky blue; Fabric design: Flowered; Size: S,35.8,USD,,USD,784990367892,MLM,fulfillment,3618161625
23,CBT5194384400,Vestido Mujer Encaje Azul Cuello Camisa Y Cinturón,199116714532,LanSeLeiSiLianYiQun-M,Color: Sky blue; Fabric design: Flowered; Size: M,35.8,USD,,USD,784990367908,MLM,fulfillment,3618161625
23,CBT5194384400,Vestido Mujer Encaje Azul Cuello Camisa Y Cinturón,199116714534,LanSeLeiSiLianYiQun-L,Color: Sky blue; Fabric design: Flowered; Size: L,35.8,USD,,USD,784990367915,MLM,fulfillment,3618161625
23,CBT5194384400,Vestido Mujer Encaje Azul Cuello Camisa Y Cinturón,199116714536,LanSeLeiSiLianYiQun-XL,Color: Sky blue; Fabric design: Flowered; Size: XL,35.8,USD,,USD,784990367922,MLM,fulfillment,3618161625
24,CBT4300586805,Vestido Mujer Encaje Crema Cuello Camisa Y Cinturón,199117197742,XinSeLeiSiQun-S,Color: Beige; Fabric design: Flowered; Size: S,35.8,USD,,USD,784990367854,MLM,fulfillment,3618161625
24,CBT4300586805,Vestido Mujer Encaje Crema Cuello Camisa Y Cinturón,199117197744,XinSeLeiSiQun-M,Color: Beige; Fabric design: Flowered; Size: M,35.8,USD,,USD,784990367861,MLM,fulfillment,3618161625
24,CBT4300586805,Vestido Mujer Encaje Crema Cuello Camisa Y Cinturón,199117197746,XinSeLeiSiQun-L,Color: Beige; Fabric design: Flowered; Size: L,35.8,USD,,USD,784990367878,MLM,fulfillment,3618161625
24,CBT4300586805,Vestido Mujer Encaje Crema Cuello Camisa Y Cinturón,199117197748,XinSeLeiSiQun-XL,Color: Beige; Fabric design: Flowered; Size: XL,35.8,USD,,USD,784990367885,MLM,fulfillment,3618161625
25,CBT5214844234,Conjunto Mujer 2 Piezas Encaje Azul Blusa Y Falda,199184135976,LanSeLeiSiTaoZhuangChang-S,Color: Sky blue; Fabric design: Flowered; Size: S,35.8,USD,,USD,784990367731,MLM,fulfillment,3618161625
25,CBT5214844234,Conjunto Mujer 2 Piezas Encaje Azul Blusa Y Falda,199184135978,LanSeLeiSiTaoZhuangChang-M,Color: Sky blue; Fabric design: Flowered; Size: M,35.8,USD,,USD,784990367748,MLM,fulfillment,3618161625
25,CBT5214844234,Conjunto Mujer 2 Piezas Encaje Azul Blusa Y Falda,199184135980,LanSeLeiSiTaoZhuangChang-L,Color: Sky blue; Fabric design: Flowered; Size: L,35.8,USD,,USD,784990367755,MLM,fulfillment,3618161625
25,CBT5214844234,Conjunto Mujer 2 Piezas Encaje Azul Blusa Y Falda,199184135982,LanSeLeiSiTaoZhuangChang-XL,Color: Sky blue; Fabric design: Flowered; Size: XL,35.8,USD,,USD,784990367762,MLM,fulfillment,3618161625
26,CBT5214840542,Vestido Mujer Blanco Bordado Calado Cuello Camisa Y Lazo,199183854504,BaiSeLianYiQun-S,Color: White; Fabric design: Flowered; Size: S,35.8,USD,,USD,784990367779,MLM,fulfillment,3618161625
26,CBT5214840542,Vestido Mujer Blanco Bordado Calado Cuello Camisa Y Lazo,199183854506,BaiSeLianYiQun-M,Color: White; Fabric design: Flowered; Size: M,35.8,USD,,USD,784990367786,MLM,fulfillment,3618161625
26,CBT5214840542,Vestido Mujer Blanco Bordado Calado Cuello Camisa Y Lazo,199183854508,BaiSeLianYiQun-L,Color: White; Fabric design: Flowered; Size: L,35.8,USD,,USD,784990367793,MLM,fulfillment,3618161625
26,CBT5214840542,Vestido Mujer Blanco Bordado Calado Cuello Camisa Y Lazo,199183854510,BaiSeLianYiQun-XL,Color: White; Fabric design: Flowered; Size: XL,35.8,USD,,USD,,MLM,fulfillment,3618161625
27,CBT5244578926,Vestido Largo Mujer Fucsia Calado Cuello Camisa Y Hend,199295484388,PaoPaoXiuMeiHongQun-S,Color: rose red; Fabric design: Flowered; Size: S,35.8,USD,,USD,784990367571,MLM,fulfillment,3618161625
27,CBT5244578926,Vestido Largo Mujer Fucsia Calado Cuello Camisa Y Hend,199295484390,PaoPaoXiuMeiHongQun-M,Color: rose red; Fabric design: Flowered; Size: M,35.8,USD,,USD,784990367540,MLM,fulfillment,3618161625
27,CBT5244578926,Vestido Largo Mujer Fucsia Calado Cuello Camisa Y Hend,199295484392,PaoPaoXiuMeiHongQun-L,Color: rose red; Fabric design: Flowered; Size: L,35.8,USD,,USD,784990367540,MLM,fulfillment,3618161625
27,CBT5244578926,Vestido Largo Mujer Fucsia Calado Cuello Camisa Y Hend,199295484394,PaoPaoXiuMeiHongQun-XL,Color: rose red; Fabric design: Flowered; Size: XL,35.8,USD,,USD,784990367533,MLM,fulfillment,3618161625
28,CBT5256315030,Conjunto Mujer Gris Uv Bloque De Color Y Pantalón Amplio,207240663939,HuiSefangshaiXiZhuang-S,Color: Gray; Fabric design: Plain; Size: S,31.8,USD,,USD,784990367618,MLM,fulfillment,3618161625
28,CBT5256315030,Conjunto Mujer Gris Uv Bloque De Color Y Pantalón Amplio,207240663941,HuiSefangshaiXiZhuang-M,Color: Gray; Fabric design: Plain; Size: M,31.8,USD,,USD,784990367601,MLM,fulfillment,3618161625
28,CBT5256315030,Conjunto Mujer Gris Uv Bloque De Color Y Pantalón Amplio,207240663943,HuiSefangshaiXiZhuang-L,Color: Gray; Fabric design: Plain; Size: L,31.8,USD,,USD,784990367595,MLM,fulfillment,3618161625
28,CBT5256315030,Conjunto Mujer Gris Uv Bloque De Color Y Pantalón Amplio,207240663945,HuiSefangshaiXiZhuang-XL,Color: Gray; Fabric design: Plain; Size: XL,31.8,USD,,USD,784990367588,MLM,fulfillment,3618161625
29,CBT4362165861,Vestido De Fiesta Encaje Mujer 2 Piezas Bordado Elegante,199342948888,XinSeDuanLeiSiTaoZhuang-S,Color: Beige; Fabric design: Floreado; Size: S,35.8,USD,,USD,784990367656,MLM,fulfillment,3618161625
29,CBT4362165861,Vestido De Fiesta Encaje Mujer 2 Piezas Bordado Elegante,199342948890,XinSeDuanLeiSiTaoZhuang-M,Color: Beige; Fabric design: Floreado; Size: M,35.8,USD,,USD,784990367649,MLM,fulfillment,3618161625
29,CBT4362165861,Vestido De Fiesta Encaje Mujer 2 Piezas Bordado Elegante,199342948892,XinSeDuanLeiSiTaoZhuang-L,Color: Beige; Fabric design: Floreado; Size: L,35.8,USD,,USD,784990367632,MLM,fulfillment,3618161625
29,CBT4362165861,Vestido De Fiesta Encaje Mujer 2 Piezas Bordado Elegante,199342948894,XinSeDuanLeiSiTaoZhuang-XL,Color: Beige; Fabric design: Floreado; Size: XL,35.8,USD,,USD,784990367625,MLM,fulfillment,3618161625
30,CBT5287191246,Women's Clothing Set Tailoring Wide Leg Pants And Belt Color Beige,,MiBaiSeMaJiaTaoZhuang,,118.94,USD,,USD,740145140291,MLM,fulfillment,3618161625
